[
    {
        "id": "1",
        "name": "Rexy Joseph",
        "designation": "Software Developer",
        "address": "SA 12, UK, 112021",
        "contact": "+1092335144",
        "test_name": "COVID19",
        "emergency_contact": {
          "name": "Ross Joseph",
          "relation": "Brother",
          "contact": "+123412412"
        },
        "hospital_details": {
          "name": "Apollo",
          "speciality": "Healthcare",
          "contact": "+1224443255"
        },
        "oxygen_level_details": {
          "test_id": "OXY10002",
          "status": "Normal",
          "Note": "Drink water."
        },
        "bpm_level_details": {
          "test_id": "BPM10024",
          "status": "Moderate",
          "note": "Exercise needed"
        },
        "sugar_level_details": {
          "test_id": "SUG1022",
          "status": "High",
          "note": "Need balanced diet"
        }
      }
]